Ligand,Affinity
Ligand_0001.pdbqt,-0.1233
Ligand_0002.pdbqt,-0.1271
Ligand_0003.pdbqt,-0.1119
Ligand_0004.pdbqt,-0.1531
Ligand_0005.pdbqt,-0.1032
Ligand_0006.pdbqt,-0.1691
Ligand_0007.pdbqt,-0.05379
Ligand_0008.pdbqt,-0.1897
Ligand_0009.pdbqt,-0.2228
Ligand_0010.pdbqt,-0.2207
Ligand_0011.pdbqt,-0.153
Ligand_0012.pdbqt,-0.1285
Ligand_0013.pdbqt,-0.1566
Ligand_0014.pdbqt,-0.2527
Ligand_0015.pdbqt,-0.2798
Ligand_0016.pdbqt,-0.2863
Ligand_0017.pdbqt,-0.3661
Ligand_0018.pdbqt,-0.3559
Ligand_0019.pdbqt,-0.325
Ligand_0020.pdbqt,-0.3402
Ligand_0021.pdbqt,-0.3522
Ligand_0022.pdbqt,-0.3331
Ligand_0023.pdbqt,-0.08095
Ligand_0024.pdbqt,-0.1028
Ligand_0025.pdbqt,-0.09619
Ligand_0026.pdbqt,-0.1323
Ligand_0027.pdbqt,-0.1008
Ligand_0028.pdbqt,-0.09771
Ligand_0029.pdbqt,-0.1068
Ligand_0030.pdbqt,-0.1073
Ligand_0031.pdbqt,-0.1346
Ligand_0032.pdbqt,-0.1119
Ligand_0033.pdbqt,-0.04818
Ligand_0034.pdbqt,-0.06819
Ligand_0035.pdbqt,-0.1079
Ligand_0036.pdbqt,-0.2225
Ligand_0037.pdbqt,-0.1295
Ligand_0038.pdbqt,-0.1802
Ligand_0039.pdbqt,-0.2024
Ligand_0040.pdbqt,-0.1895
Ligand_0041.pdbqt,-0.222
Ligand_0042.pdbqt,-0.2597
Ligand_0043.pdbqt,-0.1959
Ligand_0044.pdbqt,-0.2515
Ligand_0045.pdbqt,-0.21
Ligand_0046.pdbqt,-0.2143
Ligand_0047.pdbqt,-0.1752
Ligand_0048.pdbqt,-0.2311
Ligand_0049.pdbqt,-0.1671
Ligand_0050.pdbqt,-0.2285
Ligand_0051.pdbqt,-0.2265
Ligand_0052.pdbqt,-0.1765
Ligand_0053.pdbqt,-0.2197
Ligand_0054.pdbqt,-0.1636
Ligand_0055.pdbqt,-0.1492
Ligand_0056.pdbqt,-0.2544
Ligand_0057.pdbqt,-0.1131
Ligand_0058.pdbqt,-0.1196
Ligand_0059.pdbqt,-0.1247
Ligand_0060.pdbqt,-0.09928
Ligand_0061.pdbqt,-0.1314
Ligand_0062.pdbqt,-0.08977
Ligand_0063.pdbqt,-0.1098
Ligand_0064.pdbqt,-0.1175
Ligand_0065.pdbqt,-0.1319
Ligand_0066.pdbqt,-0.09787
Ligand_0067.pdbqt,-0.09058
Ligand_0068.pdbqt,-0.194
Ligand_0069.pdbqt,-0.1955
Ligand_0070.pdbqt,-0.1918
Ligand_0071.pdbqt,-0.1926
Ligand_0072.pdbqt,-0.265
Ligand_0073.pdbqt,-0.1045
Ligand_0074.pdbqt,-0.05653
Ligand_0075.pdbqt,-0.1655
Ligand_0076.pdbqt,-0.1707
Ligand_0077.pdbqt,-0.0705
Ligand_0078.pdbqt,-0.203
Ligand_0079.pdbqt,-0.1741
Ligand_0080.pdbqt,-0.0976
Ligand_0081.pdbqt,-0.04612
Ligand_0082.pdbqt,-0.2193
Ligand_0083.pdbqt,-0.167
Ligand_0084.pdbqt,-0.2415
Ligand_0085.pdbqt,-0.1265
Ligand_0086.pdbqt,0
Ligand_0087.pdbqt,-0.11
Ligand_0088.pdbqt,-0.1165
Ligand_0089.pdbqt,-0.11
Ligand_0090.pdbqt,-0.06659
Ligand_0091.pdbqt,-0.06822
Ligand_0092.pdbqt,0
Ligand_0093.pdbqt,-0.1657
Ligand_0094.pdbqt,0
Ligand_0095.pdbqt,-0.1164
Ligand_0096.pdbqt,-0.1213
Ligand_0097.pdbqt,-0.09055
Ligand_0098.pdbqt,-0.1859
Ligand_0099.pdbqt,-0.1739
Ligand_0100.pdbqt,-0.09061
Ligand_0101.pdbqt,-0.1684
Ligand_0102.pdbqt,-0.1218
Ligand_0103.pdbqt,-0.19
Ligand_0104.pdbqt,NA
Ligand_0105.pdbqt,-0.1941
Ligand_0106.pdbqt,-0.1942
Ligand_0107.pdbqt,-0.2014
Ligand_0108.pdbqt,-0.2296
Ligand_0109.pdbqt,-0.2222
Ligand_0110.pdbqt,-0.1801
Ligand_0111.pdbqt,-0.1112
Ligand_0112.pdbqt,-0.06307
Ligand_0113.pdbqt,-0.194
Ligand_0114.pdbqt,-0.2101
Ligand_0115.pdbqt,-0.26
Ligand_0116.pdbqt,-0.2016
Ligand_0117.pdbqt,-0.2347
Ligand_0118.pdbqt,-0.2002
Ligand_0119.pdbqt,-0.2162
Ligand_0120.pdbqt,-0.1352
Ligand_0121.pdbqt,-0.2403
Ligand_0122.pdbqt,-0.2671
Ligand_0123.pdbqt,-0.1906
Ligand_0124.pdbqt,-0.118
Ligand_0125.pdbqt,-0.1275
Ligand_0126.pdbqt,-0.1052
Ligand_0127.pdbqt,-0.2381
Ligand_0128.pdbqt,-0.1597
Ligand_0129.pdbqt,-0.164
Ligand_0130.pdbqt,-0.1732
Ligand_0131.pdbqt,-0.1784
Ligand_0132.pdbqt,-0.0197
Ligand_0133.pdbqt,-0.1691
Ligand_0134.pdbqt,-0.1696
Ligand_0135.pdbqt,-0.135
Ligand_0136.pdbqt,-0.1716
Ligand_0137.pdbqt,-0.1684
Ligand_0138.pdbqt,-0.1685
Ligand_0139.pdbqt,-0.2073
Ligand_0140.pdbqt,-0.173
Ligand_0141.pdbqt,0
Ligand_0142.pdbqt,-0.3299
Ligand_0143.pdbqt,-0.1709
Ligand_0144.pdbqt,-0.1526
Ligand_0145.pdbqt,-0.1803
Ligand_0146.pdbqt,-0.1778
Ligand_0147.pdbqt,-0.1933
Ligand_0148.pdbqt,-0.1234
Ligand_0149.pdbqt,-0.2675
Ligand_0150.pdbqt,-0.1308
Ligand_0151.pdbqt,-0.1239
Ligand_0152.pdbqt,-0.1936
Ligand_0153.pdbqt,-0.1383
Ligand_0154.pdbqt,-0.2528
Ligand_0155.pdbqt,-0.2036
Ligand_0156.pdbqt,-0.1967
Ligand_0157.pdbqt,-0.2006
Ligand_0158.pdbqt,-0.3083
Ligand_0159.pdbqt,-0.1887
Ligand_0160.pdbqt,-0.1998
Ligand_0161.pdbqt,-0.1366
Ligand_0162.pdbqt,-0.07854
Ligand_0163.pdbqt,-0.1081
Ligand_0164.pdbqt,-0.1615
Ligand_0165.pdbqt,-0.09954
Ligand_0166.pdbqt,-0.1764
Ligand_0167.pdbqt,-0.1014
Ligand_0168.pdbqt,-0.1899
Ligand_0169.pdbqt,-0.1677
Ligand_0170.pdbqt,-0.167
Ligand_0171.pdbqt,-0.198
Ligand_0172.pdbqt,-0.2122
Ligand_0173.pdbqt,-0.157
Ligand_0174.pdbqt,-0.1288
Ligand_0175.pdbqt,-0.1882
Ligand_0176.pdbqt,-0.2031
Ligand_0177.pdbqt,-0.2018
Ligand_0178.pdbqt,-0.1164
Ligand_0179.pdbqt,-0.11
Ligand_0180.pdbqt,-0.1289
Ligand_0181.pdbqt,-0.1314
Ligand_0182.pdbqt,-0.2198
Ligand_0183.pdbqt,-0.2097
Ligand_0184.pdbqt,-0.1379
Ligand_0185.pdbqt,-0.1859
Ligand_0186.pdbqt,-0.2543
Ligand_0187.pdbqt,-0.174
Ligand_0188.pdbqt,-0.217
Ligand_0189.pdbqt,-0.1952
Ligand_0190.pdbqt,-0.1626
Ligand_0191.pdbqt,-0.1203
Ligand_0192.pdbqt,-0.1735
Ligand_0193.pdbqt,-0.2187
Ligand_0194.pdbqt,-0.1869
Ligand_0195.pdbqt,-0.2559
Ligand_0196.pdbqt,-0.2028
Ligand_0197.pdbqt,-0.1116
Ligand_0198.pdbqt,-0.1493
Ligand_0199.pdbqt,-0.2231
Ligand_0200.pdbqt,-0.264
Ligand_0201.pdbqt,-0.2368
Ligand_0202.pdbqt,-0.1718
Ligand_0203.pdbqt,-0.3167
Ligand_0204.pdbqt,-0.1813
Ligand_0205.pdbqt,-0.1831
Ligand_0206.pdbqt,-0.1861
Ligand_0207.pdbqt,-0.1664
Ligand_0208.pdbqt,-0.1774
Ligand_0209.pdbqt,-0.135
Ligand_0210.pdbqt,-0.1368
Ligand_0211.pdbqt,-0.2096
Ligand_0212.pdbqt,-0.1515
Ligand_0213.pdbqt,-0.1882
Ligand_0214.pdbqt,-0.1659
Ligand_0215.pdbqt,-0.05309
Ligand_0216.pdbqt,-0.2122
Ligand_0217.pdbqt,-0.1772
Ligand_0218.pdbqt,-0.1886
Ligand_0219.pdbqt,-0.2349
Ligand_0220.pdbqt,-0.1727
Ligand_0221.pdbqt,-0.1782
Ligand_0222.pdbqt,-0.1684
Ligand_0223.pdbqt,-0.2709
Ligand_0224.pdbqt,-0.137
Ligand_0225.pdbqt,-0.1761
Ligand_0226.pdbqt,-0.08318
Ligand_0227.pdbqt,-0.1871
Ligand_0228.pdbqt,-0.2655
Ligand_0229.pdbqt,-0.2277
Ligand_0230.pdbqt,-0.1568
Ligand_0231.pdbqt,-0.08556
Ligand_0232.pdbqt,-0.1713
Ligand_0233.pdbqt,-0.0881
Ligand_0234.pdbqt,-0.07436
Ligand_0235.pdbqt,-0.1328
Ligand_0236.pdbqt,-0.1803
Ligand_0237.pdbqt,-0.158
Ligand_0238.pdbqt,-0.2225
Ligand_0239.pdbqt,-0.1263
Ligand_0240.pdbqt,-0.2305
Ligand_0241.pdbqt,-0.2339
Ligand_0242.pdbqt,-0.1686
Ligand_0243.pdbqt,-0.07784
Ligand_0244.pdbqt,-0.2731
Ligand_0245.pdbqt,-0.1941
Ligand_0246.pdbqt,-0.1155
Ligand_0247.pdbqt,-0.1721
Ligand_0248.pdbqt,-0.1384
Ligand_0249.pdbqt,-0.2217
Ligand_0250.pdbqt,-0.2058
Ligand_0251.pdbqt,-0.2008
Ligand_0252.pdbqt,-0.2021
Ligand_0253.pdbqt,-0.2042
Ligand_0254.pdbqt,-0.1675
Ligand_0255.pdbqt,-0.132
Ligand_0256.pdbqt,-0.07522
Ligand_0257.pdbqt,-0.2305
