Ligand,Affinity,Receptor
Ligand_0241.pdbqt,-8.188,6C12
Ligand_0169.pdbqt,-7.763,6C12
Ligand_0256.pdbqt,-7.679,6C12
Ligand_0022.pdbqt,-7.507,6C12
Ligand_0159.pdbqt,-7.476,6C12
Ligand_0240.pdbqt,-7.338,6C12
Ligand_0257.pdbqt,-7.211,6C12
Ligand_0244.pdbqt,-7.173,6C12
Ligand_0143.pdbqt,-7.118,6C12
Ligand_0021.pdbqt,-7.052,6C12
Ligand_0173.pdbqt,-7.044,6C12
Ligand_0101.pdbqt,-7.007,6C12
Ligand_0102.pdbqt,-7.003,6C12
Ligand_0251.pdbqt,-6.88,6C12
Ligand_0140.pdbqt,-6.878,6C12
Ligand_0018.pdbqt,-6.675,6C12
Ligand_0254.pdbqt,-6.668,6C12
Ligand_0103.pdbqt,-6.654,6C12
Ligand_0253.pdbqt,-6.613,6C12
Ligand_0019.pdbqt,-6.576,6C12
Ligand_0127.pdbqt,-6.525,6C12
Ligand_0245.pdbqt,-6.511,6C12
Ligand_0252.pdbqt,-6.471,6C12
Ligand_0255.pdbqt,-6.457,6C12
Ligand_0138.pdbqt,-6.444,6C12
Ligand_0182.pdbqt,-6.38,6C12
Ligand_0131.pdbqt,-6.347,6C12
Ligand_0175.pdbqt,-6.329,6C12
Ligand_0017.pdbqt,-6.283,6C12
Ligand_0249.pdbqt,-6.257,6C12
Ligand_0149.pdbqt,-6.224,6C12
Ligand_0135.pdbqt,-6.169,6C12
Ligand_0133.pdbqt,-6.168,6C12
Ligand_0047.pdbqt,-6.143,6C12
Ligand_0134.pdbqt,-6.132,6C12
Ligand_0137.pdbqt,-6.099,6C12
Ligand_0228.pdbqt,-6.082,6C12
Ligand_0139.pdbqt,-6.066,6C12
Ligand_0048.pdbqt,-5.994,6C12
Ligand_0248.pdbqt,-5.992,6C12
Ligand_0246.pdbqt,-5.967,6C12
Ligand_0084.pdbqt,-5.953,6C12
Ligand_0016.pdbqt,-5.947,6C12
Ligand_0125.pdbqt,-5.94,6C12
Ligand_0020.pdbqt,-5.904,6C12
Ligand_0250.pdbqt,-5.883,6C12
Ligand_0229.pdbqt,-5.883,6C12
Ligand_0247.pdbqt,-5.844,6C12
Ligand_0141.pdbqt,-5.843,6C12
Ligand_0136.pdbqt,-5.837,6C12
Ligand_0242.pdbqt,-5.82,6C12
Ligand_0051.pdbqt,-5.816,6C12
Ligand_0238.pdbqt,-5.787,6C12
Ligand_0052.pdbqt,-5.765,6C12
Ligand_0079.pdbqt,-5.741,6C12
Ligand_0055.pdbqt,-5.732,6C12
Ligand_0180.pdbqt,-5.725,6C12
Ligand_0124.pdbqt,-5.713,6C12
Ligand_0045.pdbqt,-5.69,6C12
Ligand_0172.pdbqt,-5.665,6C12
Ligand_0217.pdbqt,-5.661,6C12
Ligand_0237.pdbqt,-5.624,6C12
Ligand_0015.pdbqt,-5.616,6C12
Ligand_0013.pdbqt,-5.611,6C12
Ligand_0072.pdbqt,-5.609,6C12
Ligand_0085.pdbqt,-5.604,6C12
Ligand_0155.pdbqt,-5.597,6C12
Ligand_0128.pdbqt,-5.59,6C12
Ligand_0218.pdbqt,-5.563,6C12
Ligand_0054.pdbqt,-5.54,6C12
Ligand_0050.pdbqt,-5.525,6C12
Ligand_0174.pdbqt,-5.515,6C12
Ligand_0053.pdbqt,-5.51,6C12
Ligand_0230.pdbqt,-5.507,6C12
Ligand_0236.pdbqt,-5.499,6C12
Ligand_0014.pdbqt,-5.492,6C12
Ligand_0044.pdbqt,-5.49,6C12
Ligand_0220.pdbqt,-5.488,6C12
Ligand_0126.pdbqt,-5.479,6C12
Ligand_0110.pdbqt,-5.47,6C12
Ligand_0224.pdbqt,-5.446,6C12
Ligand_0204.pdbqt,-5.411,6C12
Ligand_0223.pdbqt,-5.41,6C12
Ligand_0154.pdbqt,-5.381,6C12
Ligand_0234.pdbqt,-5.365,6C12
Ligand_0046.pdbqt,-5.362,6C12
Ligand_0049.pdbqt,-5.353,6C12
Ligand_0164.pdbqt,-5.341,6C12
Ligand_0212.pdbqt,-5.341,6C12
Ligand_0071.pdbqt,-5.34,6C12
Ligand_0235.pdbqt,-5.316,6C12
Ligand_0036.pdbqt,-5.315,6C12
Ligand_0094.pdbqt,-5.291,6C12
Ligand_0226.pdbqt,-5.286,6C12
Ligand_0122.pdbqt,-5.273,6C12
Ligand_0231.pdbqt,-5.24,6C12
Ligand_0056.pdbqt,-5.218,6C12
Ligand_0105.pdbqt,-5.209,6C12
Ligand_0171.pdbqt,-5.195,6C12
Ligand_0179.pdbqt,-5.151,6C12
Ligand_0109.pdbqt,-5.149,6C12
Ligand_0106.pdbqt,-5.141,6C12
Ligand_0233.pdbqt,-5.132,6C12
Ligand_0219.pdbqt,-5.129,6C12
Ligand_0216.pdbqt,-5.102,6C12
Ligand_0152.pdbqt,-5.061,6C12
Ligand_0160.pdbqt,-5.059,6C12
Ligand_0227.pdbqt,-5.052,6C12
Ligand_0082.pdbqt,-5.041,6C12
Ligand_0232.pdbqt,-5.025,6C12
Ligand_0205.pdbqt,-5.024,6C12
Ligand_0206.pdbqt,-5.017,6C12
Ligand_0211.pdbqt,-4.997,6C12
Ligand_0181.pdbqt,-4.987,6C12
Ligand_0213.pdbqt,-4.979,6C12
Ligand_0200.pdbqt,-4.977,6C12
Ligand_0239.pdbqt,-4.954,6C12
Ligand_0199.pdbqt,-4.938,6C12
Ligand_0117.pdbqt,-4.91,6C12
Ligand_0183.pdbqt,-4.892,6C12
Ligand_0185.pdbqt,-4.883,6C12
Ligand_0196.pdbqt,-4.879,6C12
Ligand_0130.pdbqt,-4.856,6C12
Ligand_0012.pdbqt,-4.841,6C12
Ligand_0201.pdbqt,-4.831,6C12
Ligand_0068.pdbqt,-4.825,6C12
Ligand_0011.pdbqt,-4.809,6C12
Ligand_0214.pdbqt,-4.806,6C12
Ligand_0123.pdbqt,-4.784,6C12
Ligand_0203.pdbqt,-4.757,6C12
Ligand_0158.pdbqt,-4.75,6C12
Ligand_0010.pdbqt,-4.733,6C12
Ligand_0086.pdbqt,-4.723,6C12
Ligand_0083.pdbqt,-4.723,6C12
Ligand_0142.pdbqt,-4.719,6C12
Ligand_0099.pdbqt,-4.699,6C12
Ligand_0115.pdbqt,-4.696,6C12
Ligand_0177.pdbqt,-4.685,6C12
Ligand_0167.pdbqt,-4.668,6C12
Ligand_0195.pdbqt,-4.662,6C12
Ligand_0194.pdbqt,-4.654,6C12
Ligand_0069.pdbqt,-4.654,6C12
Ligand_0093.pdbqt,-4.649,6C12
Ligand_0222.pdbqt,-4.648,6C12
Ligand_0176.pdbqt,-4.644,6C12
Ligand_0193.pdbqt,-4.643,6C12
Ligand_0202.pdbqt,-4.639,6C12
Ligand_0243.pdbqt,-4.626,6C12
Ligand_0070.pdbqt,-4.606,6C12
Ligand_0161.pdbqt,-4.604,6C12
Ligand_0080.pdbqt,-4.594,6C12
Ligand_0042.pdbqt,-4.594,6C12
Ligand_0008.pdbqt,-4.579,6C12
Ligand_0009.pdbqt,-4.575,6C12
Ligand_0215.pdbqt,-4.565,6C12
Ligand_0081.pdbqt,-4.537,6C12
Ligand_0129.pdbqt,-4.521,6C12
Ligand_0207.pdbqt,-4.496,6C12
Ligand_0107.pdbqt,-4.494,6C12
Ligand_0186.pdbqt,-4.484,6C12
Ligand_0166.pdbqt,-4.478,6C12
Ligand_0118.pdbqt,-4.474,6C12
Ligand_0208.pdbqt,-4.448,6C12
Ligand_0225.pdbqt,-4.375,6C12
Ligand_0209.pdbqt,-4.356,6C12
Ligand_0121.pdbqt,-4.34,6C12
Ligand_0114.pdbqt,-4.326,6C12
Ligand_0116.pdbqt,-4.322,6C12
Ligand_0091.pdbqt,-4.309,6C12
Ligand_0043.pdbqt,-4.304,6C12
Ligand_0041.pdbqt,-4.298,6C12
Ligand_0108.pdbqt,-4.282,6C12
Ligand_0039.pdbqt,-4.27,6C12
Ligand_0067.pdbqt,-4.247,6C12
Ligand_0221.pdbqt,-4.235,6C12
Ligand_0168.pdbqt,-4.186,6C12
Ligand_0077.pdbqt,-4.185,6C12
Ligand_0178.pdbqt,-4.176,6C12
Ligand_0090.pdbqt,-4.171,6C12
Ligand_0062.pdbqt,-4.155,6C12
Ligand_0078.pdbqt,-4.144,6C12
Ligand_0098.pdbqt,-4.139,6C12
Ligand_0113.pdbqt,-4.133,6C12
Ligand_0156.pdbqt,-4.123,6C12
Ligand_0066.pdbqt,-4.122,6C12
Ligand_0092.pdbqt,-4.12,6C12
Ligand_0112.pdbqt,-4.107,6C12
Ligand_0145.pdbqt,-4.069,6C12
Ligand_0089.pdbqt,-4.048,6C12
Ligand_0190.pdbqt,-4.041,6C12
Ligand_0184.pdbqt,-4.034,6C12
Ligand_0060.pdbqt,-4.034,6C12
Ligand_0059.pdbqt,-4.014,6C12
Ligand_0040.pdbqt,-4.007,6C12
Ligand_0064.pdbqt,-3.998,6C12
Ligand_0157.pdbqt,-3.979,6C12
Ligand_0038.pdbqt,-3.952,6C12
Ligand_0075.pdbqt,-3.95,6C12
Ligand_0132.pdbqt,-3.942,6C12
Ligand_0063.pdbqt,-3.933,6C12
Ligand_0189.pdbqt,-3.922,6C12
Ligand_0119.pdbqt,-3.921,6C12
Ligand_0170.pdbqt,-3.882,6C12
Ligand_0074.pdbqt,-3.873,6C12
Ligand_0165.pdbqt,-3.865,6C12
Ligand_0210.pdbqt,-3.864,6C12
Ligand_0034.pdbqt,-3.845,6C12
Ligand_0076.pdbqt,-3.844,6C12
Ligand_0006.pdbqt,-3.836,6C12
Ligand_0033.pdbqt,-3.835,6C12
Ligand_0187.pdbqt,-3.795,6C12
Ligand_0198.pdbqt,-3.793,6C12
Ligand_0007.pdbqt,-3.776,6C12
Ligand_0111.pdbqt,-3.768,6C12
Ligand_0057.pdbqt,-3.737,6C12
Ligand_0002.pdbqt,-3.733,6C12
Ligand_0147.pdbqt,-3.73,6C12
Ligand_0100.pdbqt,-3.694,6C12
Ligand_0192.pdbqt,-3.69,6C12
Ligand_0188.pdbqt,-3.678,6C12
Ligand_0088.pdbqt,-3.638,6C12
Ligand_0146.pdbqt,-3.609,6C12
Ligand_0148.pdbqt,-3.588,6C12
Ligand_0197.pdbqt,-3.564,6C12
Ligand_0001.pdbqt,-3.561,6C12
Ligand_0004.pdbqt,-3.558,6C12
Ligand_0153.pdbqt,-3.538,6C12
Ligand_0037.pdbqt,-3.533,6C12
Ligand_0065.pdbqt,-3.529,6C12
Ligand_0144.pdbqt,-3.481,6C12
Ligand_0032.pdbqt,-3.429,6C12
Ligand_0151.pdbqt,-3.377,6C12
Ligand_0003.pdbqt,-3.357,6C12
Ligand_0061.pdbqt,-3.349,6C12
Ligand_0191.pdbqt,-3.319,6C12
Ligand_0005.pdbqt,-3.316,6C12
Ligand_0031.pdbqt,-3.304,6C12
Ligand_0026.pdbqt,-3.293,6C12
Ligand_0097.pdbqt,-3.282,6C12
Ligand_0150.pdbqt,-3.233,6C12
Ligand_0058.pdbqt,-3.211,6C12
Ligand_0073.pdbqt,-3.164,6C12
Ligand_0087.pdbqt,-3.122,6C12
Ligand_0030.pdbqt,-3.068,6C12
Ligand_0120.pdbqt,-2.983,6C12
Ligand_0096.pdbqt,-2.893,6C12
Ligand_0163.pdbqt,-2.876,6C12
Ligand_0095.pdbqt,-2.711,6C12
Ligand_0027.pdbqt,-2.703,6C12
Ligand_0029.pdbqt,-2.657,6C12
Ligand_0028.pdbqt,-2.587,6C12
Ligand_0024.pdbqt,-2.43,6C12
Ligand_0025.pdbqt,-2.422,6C12
Ligand_0035.pdbqt,-2.418,6C12
Ligand_0023.pdbqt,-1.992,6C12
Ligand_0162.pdbqt,-1.874,6C12
Ligand_0017.pdbqt,-0.3661,1Y8P
Ligand_0018.pdbqt,-0.3559,1Y8P
Ligand_0021.pdbqt,-0.3522,1Y8P
Ligand_0020.pdbqt,-0.3402,1Y8P
Ligand_0022.pdbqt,-0.3331,1Y8P
Ligand_0142.pdbqt,-0.3299,1Y8P
Ligand_0019.pdbqt,-0.325,1Y8P
Ligand_0203.pdbqt,-0.3167,1Y8P
Ligand_0158.pdbqt,-0.3083,1Y8P
Ligand_0016.pdbqt,-0.2863,1Y8P
Ligand_0015.pdbqt,-0.2798,1Y8P
Ligand_0244.pdbqt,-0.2731,1Y8P
Ligand_0223.pdbqt,-0.2709,1Y8P
Ligand_0149.pdbqt,-0.2675,1Y8P
Ligand_0122.pdbqt,-0.2671,1Y8P
Ligand_0228.pdbqt,-0.2655,1Y8P
Ligand_0072.pdbqt,-0.265,1Y8P
Ligand_0200.pdbqt,-0.264,1Y8P
Ligand_0115.pdbqt,-0.26,1Y8P
Ligand_0042.pdbqt,-0.2597,1Y8P
Ligand_0195.pdbqt,-0.2559,1Y8P
Ligand_0056.pdbqt,-0.2544,1Y8P
Ligand_0186.pdbqt,-0.2543,1Y8P
Ligand_0154.pdbqt,-0.2528,1Y8P
Ligand_0014.pdbqt,-0.2527,1Y8P
Ligand_0044.pdbqt,-0.2515,1Y8P
Ligand_0084.pdbqt,-0.2415,1Y8P
Ligand_0121.pdbqt,-0.2403,1Y8P
Ligand_0127.pdbqt,-0.2381,1Y8P
Ligand_0201.pdbqt,-0.2368,1Y8P
Ligand_0219.pdbqt,-0.2349,1Y8P
Ligand_0117.pdbqt,-0.2347,1Y8P
Ligand_0241.pdbqt,-0.2339,1Y8P
Ligand_0048.pdbqt,-0.2311,1Y8P
Ligand_0257.pdbqt,-0.2305,1Y8P
Ligand_0240.pdbqt,-0.2305,1Y8P
Ligand_0108.pdbqt,-0.2296,1Y8P
Ligand_0050.pdbqt,-0.2285,1Y8P
Ligand_0229.pdbqt,-0.2277,1Y8P
Ligand_0051.pdbqt,-0.2265,1Y8P
Ligand_0199.pdbqt,-0.2231,1Y8P
Ligand_0009.pdbqt,-0.2228,1Y8P
Ligand_0036.pdbqt,-0.2225,1Y8P
Ligand_0238.pdbqt,-0.2225,1Y8P
Ligand_0109.pdbqt,-0.2222,1Y8P
Ligand_0041.pdbqt,-0.222,1Y8P
Ligand_0249.pdbqt,-0.2217,1Y8P
Ligand_0010.pdbqt,-0.2207,1Y8P
Ligand_0182.pdbqt,-0.2198,1Y8P
Ligand_0053.pdbqt,-0.2197,1Y8P
Ligand_0082.pdbqt,-0.2193,1Y8P
Ligand_0193.pdbqt,-0.2187,1Y8P
Ligand_0188.pdbqt,-0.217,1Y8P
Ligand_0119.pdbqt,-0.2162,1Y8P
Ligand_0046.pdbqt,-0.2143,1Y8P
Ligand_0172.pdbqt,-0.2122,1Y8P
Ligand_0216.pdbqt,-0.2122,1Y8P
Ligand_0114.pdbqt,-0.2101,1Y8P
Ligand_0045.pdbqt,-0.21,1Y8P
Ligand_0183.pdbqt,-0.2097,1Y8P
Ligand_0211.pdbqt,-0.2096,1Y8P
Ligand_0139.pdbqt,-0.2073,1Y8P
Ligand_0250.pdbqt,-0.2058,1Y8P
Ligand_0253.pdbqt,-0.2042,1Y8P
Ligand_0155.pdbqt,-0.2036,1Y8P
Ligand_0176.pdbqt,-0.2031,1Y8P
Ligand_0078.pdbqt,-0.203,1Y8P
Ligand_0196.pdbqt,-0.2028,1Y8P
Ligand_0039.pdbqt,-0.2024,1Y8P
Ligand_0252.pdbqt,-0.2021,1Y8P
Ligand_0177.pdbqt,-0.2018,1Y8P
Ligand_0116.pdbqt,-0.2016,1Y8P
Ligand_0107.pdbqt,-0.2014,1Y8P
Ligand_0251.pdbqt,-0.2008,1Y8P
Ligand_0157.pdbqt,-0.2006,1Y8P
Ligand_0118.pdbqt,-0.2002,1Y8P
Ligand_0160.pdbqt,-0.1998,1Y8P
Ligand_0171.pdbqt,-0.198,1Y8P
Ligand_0156.pdbqt,-0.1967,1Y8P
Ligand_0043.pdbqt,-0.1959,1Y8P
Ligand_0069.pdbqt,-0.1955,1Y8P
Ligand_0189.pdbqt,-0.1952,1Y8P
Ligand_0106.pdbqt,-0.1942,1Y8P
Ligand_0105.pdbqt,-0.1941,1Y8P
Ligand_0245.pdbqt,-0.1941,1Y8P
Ligand_0068.pdbqt,-0.194,1Y8P
Ligand_0113.pdbqt,-0.194,1Y8P
Ligand_0152.pdbqt,-0.1936,1Y8P
Ligand_0147.pdbqt,-0.1933,1Y8P
Ligand_0071.pdbqt,-0.1926,1Y8P
Ligand_0070.pdbqt,-0.1918,1Y8P
Ligand_0123.pdbqt,-0.1906,1Y8P
Ligand_0103.pdbqt,-0.19,1Y8P
Ligand_0168.pdbqt,-0.1899,1Y8P
Ligand_0008.pdbqt,-0.1897,1Y8P
Ligand_0040.pdbqt,-0.1895,1Y8P
Ligand_0159.pdbqt,-0.1887,1Y8P
Ligand_0218.pdbqt,-0.1886,1Y8P
Ligand_0175.pdbqt,-0.1882,1Y8P
Ligand_0213.pdbqt,-0.1882,1Y8P
Ligand_0227.pdbqt,-0.1871,1Y8P
Ligand_0194.pdbqt,-0.1869,1Y8P
Ligand_0206.pdbqt,-0.1861,1Y8P
Ligand_0098.pdbqt,-0.1859,1Y8P
Ligand_0185.pdbqt,-0.1859,1Y8P
Ligand_0205.pdbqt,-0.1831,1Y8P
Ligand_0204.pdbqt,-0.1813,1Y8P
Ligand_0145.pdbqt,-0.1803,1Y8P
Ligand_0236.pdbqt,-0.1803,1Y8P
Ligand_0038.pdbqt,-0.1802,1Y8P
Ligand_0110.pdbqt,-0.1801,1Y8P
Ligand_0131.pdbqt,-0.1784,1Y8P
Ligand_0221.pdbqt,-0.1782,1Y8P
Ligand_0146.pdbqt,-0.1778,1Y8P
Ligand_0208.pdbqt,-0.1774,1Y8P
Ligand_0217.pdbqt,-0.1772,1Y8P
Ligand_0052.pdbqt,-0.1765,1Y8P
Ligand_0166.pdbqt,-0.1764,1Y8P
Ligand_0225.pdbqt,-0.1761,1Y8P
Ligand_0047.pdbqt,-0.1752,1Y8P
Ligand_0079.pdbqt,-0.1741,1Y8P
Ligand_0187.pdbqt,-0.174,1Y8P
Ligand_0099.pdbqt,-0.1739,1Y8P
Ligand_0192.pdbqt,-0.1735,1Y8P
Ligand_0130.pdbqt,-0.1732,1Y8P
Ligand_0140.pdbqt,-0.173,1Y8P
Ligand_0220.pdbqt,-0.1727,1Y8P
Ligand_0247.pdbqt,-0.1721,1Y8P
Ligand_0202.pdbqt,-0.1718,1Y8P
Ligand_0136.pdbqt,-0.1716,1Y8P
Ligand_0232.pdbqt,-0.1713,1Y8P
Ligand_0143.pdbqt,-0.1709,1Y8P
Ligand_0076.pdbqt,-0.1707,1Y8P
Ligand_0134.pdbqt,-0.1696,1Y8P
Ligand_0133.pdbqt,-0.1691,1Y8P
Ligand_0006.pdbqt,-0.1691,1Y8P
Ligand_0242.pdbqt,-0.1686,1Y8P
Ligand_0138.pdbqt,-0.1685,1Y8P
Ligand_0101.pdbqt,-0.1684,1Y8P
Ligand_0137.pdbqt,-0.1684,1Y8P
Ligand_0222.pdbqt,-0.1684,1Y8P
Ligand_0169.pdbqt,-0.1677,1Y8P
Ligand_0254.pdbqt,-0.1675,1Y8P
Ligand_0049.pdbqt,-0.1671,1Y8P
Ligand_0083.pdbqt,-0.167,1Y8P
Ligand_0170.pdbqt,-0.167,1Y8P
Ligand_0207.pdbqt,-0.1664,1Y8P
Ligand_0214.pdbqt,-0.1659,1Y8P
Ligand_0093.pdbqt,-0.1657,1Y8P
Ligand_0075.pdbqt,-0.1655,1Y8P
Ligand_0129.pdbqt,-0.164,1Y8P
Ligand_0054.pdbqt,-0.1636,1Y8P
Ligand_0190.pdbqt,-0.1626,1Y8P
Ligand_0164.pdbqt,-0.1615,1Y8P
Ligand_0128.pdbqt,-0.1597,1Y8P
Ligand_0237.pdbqt,-0.158,1Y8P
Ligand_0173.pdbqt,-0.157,1Y8P
Ligand_0230.pdbqt,-0.1568,1Y8P
Ligand_0013.pdbqt,-0.1566,1Y8P
Ligand_0004.pdbqt,-0.1531,1Y8P
Ligand_0011.pdbqt,-0.153,1Y8P
Ligand_0144.pdbqt,-0.1526,1Y8P
Ligand_0212.pdbqt,-0.1515,1Y8P
Ligand_0198.pdbqt,-0.1493,1Y8P
Ligand_0055.pdbqt,-0.1492,1Y8P
Ligand_0248.pdbqt,-0.1384,1Y8P
Ligand_0153.pdbqt,-0.1383,1Y8P
Ligand_0184.pdbqt,-0.1379,1Y8P
Ligand_0224.pdbqt,-0.137,1Y8P
Ligand_0210.pdbqt,-0.1368,1Y8P
Ligand_0161.pdbqt,-0.1366,1Y8P
Ligand_0120.pdbqt,-0.1352,1Y8P
Ligand_0209.pdbqt,-0.135,1Y8P
Ligand_0135.pdbqt,-0.135,1Y8P
Ligand_0031.pdbqt,-0.1346,1Y8P
Ligand_0235.pdbqt,-0.1328,1Y8P
Ligand_0026.pdbqt,-0.1323,1Y8P
Ligand_0255.pdbqt,-0.132,1Y8P
Ligand_0065.pdbqt,-0.1319,1Y8P
Ligand_0181.pdbqt,-0.1314,1Y8P
Ligand_0061.pdbqt,-0.1314,1Y8P
Ligand_0150.pdbqt,-0.1308,1Y8P
Ligand_0037.pdbqt,-0.1295,1Y8P
Ligand_0180.pdbqt,-0.1289,1Y8P
Ligand_0174.pdbqt,-0.1288,1Y8P
Ligand_0012.pdbqt,-0.1285,1Y8P
Ligand_0125.pdbqt,-0.1275,1Y8P
Ligand_0002.pdbqt,-0.1271,1Y8P
Ligand_0085.pdbqt,-0.1265,1Y8P
Ligand_0239.pdbqt,-0.1263,1Y8P
Ligand_0059.pdbqt,-0.1247,1Y8P
Ligand_0151.pdbqt,-0.1239,1Y8P
Ligand_0148.pdbqt,-0.1234,1Y8P
Ligand_0001.pdbqt,-0.1233,1Y8P
Ligand_0102.pdbqt,-0.1218,1Y8P
Ligand_0096.pdbqt,-0.1213,1Y8P
Ligand_0191.pdbqt,-0.1203,1Y8P
Ligand_0058.pdbqt,-0.1196,1Y8P
Ligand_0124.pdbqt,-0.118,1Y8P
Ligand_0064.pdbqt,-0.1175,1Y8P
Ligand_0088.pdbqt,-0.1165,1Y8P
Ligand_0095.pdbqt,-0.1164,1Y8P
Ligand_0178.pdbqt,-0.1164,1Y8P
Ligand_0246.pdbqt,-0.1155,1Y8P
Ligand_0057.pdbqt,-0.1131,1Y8P
Ligand_0032.pdbqt,-0.1119,1Y8P
Ligand_0003.pdbqt,-0.1119,1Y8P
Ligand_0197.pdbqt,-0.1116,1Y8P
Ligand_0111.pdbqt,-0.1112,1Y8P
Ligand_0087.pdbqt,-0.11,1Y8P
Ligand_0179.pdbqt,-0.11,1Y8P
Ligand_0089.pdbqt,-0.11,1Y8P
Ligand_0063.pdbqt,-0.1098,1Y8P
Ligand_0163.pdbqt,-0.1081,1Y8P
Ligand_0035.pdbqt,-0.1079,1Y8P
Ligand_0030.pdbqt,-0.1073,1Y8P
Ligand_0029.pdbqt,-0.1068,1Y8P
Ligand_0126.pdbqt,-0.1052,1Y8P
Ligand_0073.pdbqt,-0.1045,1Y8P
Ligand_0005.pdbqt,-0.1032,1Y8P
Ligand_0024.pdbqt,-0.1028,1Y8P
Ligand_0167.pdbqt,-0.1014,1Y8P
Ligand_0027.pdbqt,-0.1008,1Y8P
Ligand_0165.pdbqt,-0.09954,1Y8P
Ligand_0060.pdbqt,-0.09928,1Y8P
Ligand_0066.pdbqt,-0.09787,1Y8P
Ligand_0028.pdbqt,-0.09771,1Y8P
Ligand_0080.pdbqt,-0.0976,1Y8P
Ligand_0025.pdbqt,-0.09619,1Y8P
Ligand_0100.pdbqt,-0.09061,1Y8P
Ligand_0067.pdbqt,-0.09058,1Y8P
Ligand_0097.pdbqt,-0.09055,1Y8P
Ligand_0062.pdbqt,-0.08977,1Y8P
Ligand_0233.pdbqt,-0.0881,1Y8P
Ligand_0231.pdbqt,-0.08556,1Y8P
Ligand_0226.pdbqt,-0.08318,1Y8P
Ligand_0023.pdbqt,-0.08095,1Y8P
Ligand_0162.pdbqt,-0.07854,1Y8P
Ligand_0243.pdbqt,-0.07784,1Y8P
Ligand_0256.pdbqt,-0.07522,1Y8P
Ligand_0234.pdbqt,-0.07436,1Y8P
Ligand_0077.pdbqt,-0.0705,1Y8P
Ligand_0091.pdbqt,-0.06822,1Y8P
Ligand_0034.pdbqt,-0.06819,1Y8P
Ligand_0090.pdbqt,-0.06659,1Y8P
Ligand_0112.pdbqt,-0.06307,1Y8P
Ligand_0074.pdbqt,-0.05653,1Y8P
Ligand_0007.pdbqt,-0.05379,1Y8P
Ligand_0215.pdbqt,-0.05309,1Y8P
Ligand_0033.pdbqt,-0.04818,1Y8P
Ligand_0081.pdbqt,-0.04612,1Y8P
Ligand_0132.pdbqt,-0.0197,1Y8P
Ligand_0092.pdbqt,0.0,1Y8P
Ligand_0086.pdbqt,0.0,1Y8P
Ligand_0094.pdbqt,0.0,1Y8P
Ligand_0141.pdbqt,0.0,1Y8P
Ligand_0025.pdbqt,0.0,1NEN
Ligand_0026.pdbqt,0.0,1NEN
Ligand_0027.pdbqt,0.0,1NEN
Ligand_0028.pdbqt,0.0,1NEN
Ligand_0029.pdbqt,0.0,1NEN
Ligand_0030.pdbqt,0.0,1NEN
Ligand_0031.pdbqt,0.0,1NEN
Ligand_0032.pdbqt,0.0,1NEN
Ligand_0017.pdbqt,0.0,1NEN
Ligand_0018.pdbqt,0.0,1NEN
Ligand_0019.pdbqt,0.0,1NEN
Ligand_0020.pdbqt,0.0,1NEN
Ligand_0021.pdbqt,0.0,1NEN
Ligand_0022.pdbqt,0.0,1NEN
Ligand_0023.pdbqt,0.0,1NEN
Ligand_0024.pdbqt,0.0,1NEN
Ligand_0009.pdbqt,0.0,1NEN
Ligand_0010.pdbqt,0.0,1NEN
Ligand_0011.pdbqt,0.0,1NEN
Ligand_0012.pdbqt,0.0,1NEN
Ligand_0013.pdbqt,0.0,1NEN
Ligand_0014.pdbqt,0.0,1NEN
Ligand_0015.pdbqt,0.0,1NEN
Ligand_0016.pdbqt,0.0,1NEN
Ligand_0001.pdbqt,0.0,1NEN
Ligand_0002.pdbqt,0.0,1NEN
Ligand_0003.pdbqt,0.0,1NEN
Ligand_0004.pdbqt,0.0,1NEN
Ligand_0005.pdbqt,0.0,1NEN
Ligand_0006.pdbqt,0.0,1NEN
Ligand_0007.pdbqt,0.0,1NEN
Ligand_0008.pdbqt,0.0,1NEN
Ligand_0057.pdbqt,0.0,1NEN
Ligand_0058.pdbqt,0.0,1NEN
Ligand_0059.pdbqt,0.0,1NEN
Ligand_0060.pdbqt,0.0,1NEN
Ligand_0061.pdbqt,0.0,1NEN
Ligand_0062.pdbqt,0.0,1NEN
Ligand_0063.pdbqt,0.0,1NEN
Ligand_0064.pdbqt,0.0,1NEN
Ligand_0049.pdbqt,0.0,1NEN
Ligand_0050.pdbqt,0.0,1NEN
Ligand_0051.pdbqt,0.0,1NEN
Ligand_0052.pdbqt,0.0,1NEN
Ligand_0053.pdbqt,0.0,1NEN
Ligand_0054.pdbqt,0.0,1NEN
Ligand_0055.pdbqt,0.0,1NEN
Ligand_0056.pdbqt,0.0,1NEN
Ligand_0041.pdbqt,0.0,1NEN
Ligand_0042.pdbqt,0.0,1NEN
Ligand_0043.pdbqt,0.0,1NEN
Ligand_0044.pdbqt,0.0,1NEN
Ligand_0045.pdbqt,0.0,1NEN
Ligand_0046.pdbqt,0.0,1NEN
Ligand_0047.pdbqt,0.0,1NEN
Ligand_0048.pdbqt,0.0,1NEN
Ligand_0033.pdbqt,0.0,1NEN
Ligand_0034.pdbqt,0.0,1NEN
Ligand_0035.pdbqt,0.0,1NEN
Ligand_0036.pdbqt,0.0,1NEN
Ligand_0037.pdbqt,0.0,1NEN
Ligand_0038.pdbqt,0.0,1NEN
Ligand_0039.pdbqt,0.0,1NEN
Ligand_0040.pdbqt,0.0,1NEN
Ligand_0089.pdbqt,0.0,1NEN
Ligand_0090.pdbqt,0.0,1NEN
Ligand_0091.pdbqt,0.0,1NEN
Ligand_0092.pdbqt,0.0,1NEN
Ligand_0093.pdbqt,0.0,1NEN
Ligand_0094.pdbqt,0.0,1NEN
Ligand_0095.pdbqt,0.0,1NEN
Ligand_0096.pdbqt,0.0,1NEN
Ligand_0081.pdbqt,0.0,1NEN
Ligand_0082.pdbqt,0.0,1NEN
Ligand_0083.pdbqt,0.0,1NEN
Ligand_0084.pdbqt,0.0,1NEN
Ligand_0085.pdbqt,0.0,1NEN
Ligand_0086.pdbqt,0.0,1NEN
Ligand_0087.pdbqt,0.0,1NEN
Ligand_0088.pdbqt,0.0,1NEN
Ligand_0073.pdbqt,0.0,1NEN
Ligand_0074.pdbqt,0.0,1NEN
Ligand_0075.pdbqt,0.0,1NEN
Ligand_0076.pdbqt,0.0,1NEN
Ligand_0077.pdbqt,0.0,1NEN
Ligand_0078.pdbqt,0.0,1NEN
Ligand_0079.pdbqt,0.0,1NEN
Ligand_0080.pdbqt,0.0,1NEN
Ligand_0065.pdbqt,0.0,1NEN
Ligand_0066.pdbqt,0.0,1NEN
Ligand_0067.pdbqt,0.0,1NEN
Ligand_0068.pdbqt,0.0,1NEN
Ligand_0069.pdbqt,0.0,1NEN
Ligand_0070.pdbqt,0.0,1NEN
Ligand_0071.pdbqt,0.0,1NEN
Ligand_0072.pdbqt,0.0,1NEN
Ligand_0122.pdbqt,0.0,1NEN
Ligand_0123.pdbqt,0.0,1NEN
Ligand_0124.pdbqt,0.0,1NEN
Ligand_0125.pdbqt,0.0,1NEN
Ligand_0126.pdbqt,0.0,1NEN
Ligand_0127.pdbqt,0.0,1NEN
Ligand_0128.pdbqt,0.0,1NEN
Ligand_0129.pdbqt,0.0,1NEN
Ligand_0114.pdbqt,0.0,1NEN
Ligand_0115.pdbqt,0.0,1NEN
Ligand_0116.pdbqt,0.0,1NEN
Ligand_0117.pdbqt,0.0,1NEN
Ligand_0118.pdbqt,0.0,1NEN
Ligand_0119.pdbqt,0.0,1NEN
Ligand_0120.pdbqt,0.0,1NEN
Ligand_0121.pdbqt,0.0,1NEN
Ligand_0106.pdbqt,0.0,1NEN
Ligand_0107.pdbqt,0.0,1NEN
Ligand_0108.pdbqt,0.0,1NEN
Ligand_0109.pdbqt,0.0,1NEN
Ligand_0110.pdbqt,0.0,1NEN
Ligand_0111.pdbqt,0.0,1NEN
Ligand_0112.pdbqt,0.0,1NEN
Ligand_0113.pdbqt,0.0,1NEN
Ligand_0097.pdbqt,0.0,1NEN
Ligand_0098.pdbqt,0.0,1NEN
Ligand_0099.pdbqt,0.0,1NEN
Ligand_0100.pdbqt,0.0,1NEN
Ligand_0101.pdbqt,0.0,1NEN
Ligand_0102.pdbqt,0.0,1NEN
Ligand_0103.pdbqt,0.0,1NEN
Ligand_0105.pdbqt,0.0,1NEN
Ligand_0154.pdbqt,0.0,1NEN
Ligand_0155.pdbqt,0.0,1NEN
Ligand_0156.pdbqt,0.0,1NEN
Ligand_0157.pdbqt,0.0,1NEN
Ligand_0158.pdbqt,0.0,1NEN
Ligand_0159.pdbqt,0.0,1NEN
Ligand_0160.pdbqt,0.0,1NEN
Ligand_0161.pdbqt,0.0,1NEN
Ligand_0146.pdbqt,0.0,1NEN
Ligand_0147.pdbqt,0.0,1NEN
Ligand_0148.pdbqt,0.0,1NEN
Ligand_0149.pdbqt,0.0,1NEN
Ligand_0150.pdbqt,0.0,1NEN
Ligand_0151.pdbqt,0.0,1NEN
Ligand_0152.pdbqt,0.0,1NEN
Ligand_0153.pdbqt,0.0,1NEN
Ligand_0138.pdbqt,0.0,1NEN
Ligand_0139.pdbqt,0.0,1NEN
Ligand_0140.pdbqt,0.0,1NEN
Ligand_0141.pdbqt,0.0,1NEN
Ligand_0142.pdbqt,0.0,1NEN
Ligand_0143.pdbqt,0.0,1NEN
Ligand_0144.pdbqt,0.0,1NEN
Ligand_0145.pdbqt,0.0,1NEN
Ligand_0130.pdbqt,0.0,1NEN
Ligand_0131.pdbqt,0.0,1NEN
Ligand_0132.pdbqt,0.0,1NEN
Ligand_0133.pdbqt,0.0,1NEN
Ligand_0134.pdbqt,0.0,1NEN
Ligand_0135.pdbqt,0.0,1NEN
Ligand_0136.pdbqt,0.0,1NEN
Ligand_0137.pdbqt,0.0,1NEN
Ligand_0186.pdbqt,0.0,1NEN
Ligand_0187.pdbqt,0.0,1NEN
Ligand_0188.pdbqt,0.0,1NEN
Ligand_0189.pdbqt,0.0,1NEN
Ligand_0190.pdbqt,0.0,1NEN
Ligand_0191.pdbqt,0.0,1NEN
Ligand_0192.pdbqt,0.0,1NEN
Ligand_0193.pdbqt,0.0,1NEN
Ligand_0178.pdbqt,0.0,1NEN
Ligand_0179.pdbqt,0.0,1NEN
Ligand_0180.pdbqt,0.0,1NEN
Ligand_0181.pdbqt,0.0,1NEN
Ligand_0182.pdbqt,0.0,1NEN
Ligand_0183.pdbqt,0.0,1NEN
Ligand_0184.pdbqt,0.0,1NEN
Ligand_0185.pdbqt,0.0,1NEN
Ligand_0170.pdbqt,0.0,1NEN
Ligand_0171.pdbqt,0.0,1NEN
Ligand_0172.pdbqt,0.0,1NEN
Ligand_0173.pdbqt,0.0,1NEN
Ligand_0174.pdbqt,0.0,1NEN
Ligand_0175.pdbqt,0.0,1NEN
Ligand_0176.pdbqt,0.0,1NEN
Ligand_0177.pdbqt,0.0,1NEN
Ligand_0162.pdbqt,0.0,1NEN
Ligand_0163.pdbqt,0.0,1NEN
Ligand_0164.pdbqt,0.0,1NEN
Ligand_0165.pdbqt,0.0,1NEN
Ligand_0166.pdbqt,0.0,1NEN
Ligand_0167.pdbqt,0.0,1NEN
Ligand_0168.pdbqt,0.0,1NEN
Ligand_0169.pdbqt,0.0,1NEN
Ligand_0218.pdbqt,0.0,1NEN
Ligand_0219.pdbqt,0.0,1NEN
Ligand_0220.pdbqt,0.0,1NEN
Ligand_0221.pdbqt,0.0,1NEN
Ligand_0222.pdbqt,0.0,1NEN
Ligand_0223.pdbqt,0.0,1NEN
Ligand_0224.pdbqt,0.0,1NEN
Ligand_0225.pdbqt,0.0,1NEN
Ligand_0210.pdbqt,0.0,1NEN
Ligand_0211.pdbqt,0.0,1NEN
Ligand_0212.pdbqt,0.0,1NEN
Ligand_0213.pdbqt,0.0,1NEN
Ligand_0214.pdbqt,0.0,1NEN
Ligand_0215.pdbqt,0.0,1NEN
Ligand_0216.pdbqt,0.0,1NEN
Ligand_0217.pdbqt,0.0,1NEN
Ligand_0202.pdbqt,0.0,1NEN
Ligand_0203.pdbqt,0.0,1NEN
Ligand_0204.pdbqt,0.0,1NEN
Ligand_0205.pdbqt,0.0,1NEN
Ligand_0206.pdbqt,0.0,1NEN
Ligand_0207.pdbqt,0.0,1NEN
Ligand_0208.pdbqt,0.0,1NEN
Ligand_0209.pdbqt,0.0,1NEN
Ligand_0194.pdbqt,0.0,1NEN
Ligand_0195.pdbqt,0.0,1NEN
Ligand_0196.pdbqt,0.0,1NEN
Ligand_0197.pdbqt,0.0,1NEN
Ligand_0198.pdbqt,0.0,1NEN
Ligand_0199.pdbqt,0.0,1NEN
Ligand_0200.pdbqt,0.0,1NEN
Ligand_0201.pdbqt,0.0,1NEN
Ligand_0250.pdbqt,0.0,1NEN
Ligand_0251.pdbqt,0.0,1NEN
Ligand_0252.pdbqt,0.0,1NEN
Ligand_0253.pdbqt,0.0,1NEN
Ligand_0254.pdbqt,0.0,1NEN
Ligand_0255.pdbqt,0.0,1NEN
Ligand_0256.pdbqt,0.0,1NEN
Ligand_0257.pdbqt,0.0,1NEN
Ligand_0242.pdbqt,0.0,1NEN
Ligand_0243.pdbqt,0.0,1NEN
Ligand_0244.pdbqt,0.0,1NEN
Ligand_0245.pdbqt,0.0,1NEN
Ligand_0246.pdbqt,0.0,1NEN
Ligand_0247.pdbqt,0.0,1NEN
Ligand_0248.pdbqt,0.0,1NEN
Ligand_0249.pdbqt,0.0,1NEN
Ligand_0234.pdbqt,0.0,1NEN
Ligand_0235.pdbqt,0.0,1NEN
Ligand_0236.pdbqt,0.0,1NEN
Ligand_0237.pdbqt,0.0,1NEN
Ligand_0238.pdbqt,0.0,1NEN
Ligand_0239.pdbqt,0.0,1NEN
Ligand_0240.pdbqt,0.0,1NEN
Ligand_0241.pdbqt,0.0,1NEN
Ligand_0226.pdbqt,0.0,1NEN
Ligand_0227.pdbqt,0.0,1NEN
Ligand_0228.pdbqt,0.0,1NEN
Ligand_0229.pdbqt,0.0,1NEN
Ligand_0230.pdbqt,0.0,1NEN
Ligand_0231.pdbqt,0.0,1NEN
Ligand_0232.pdbqt,0.0,1NEN
Ligand_0233.pdbqt,0.0,1NEN
Ligand_0250.pdbqt,0.0,2H89
Ligand_0251.pdbqt,0.0,2H89
Ligand_0252.pdbqt,0.0,2H89
Ligand_0253.pdbqt,0.0,2H89
Ligand_0254.pdbqt,0.0,2H89
Ligand_0255.pdbqt,0.0,2H89
Ligand_0256.pdbqt,0.0,2H89
Ligand_0257.pdbqt,0.0,2H89
Ligand_0242.pdbqt,0.0,2H89
Ligand_0243.pdbqt,0.0,2H89
Ligand_0244.pdbqt,0.0,2H89
Ligand_0245.pdbqt,0.0,2H89
Ligand_0246.pdbqt,0.0,2H89
Ligand_0247.pdbqt,0.0,2H89
Ligand_0248.pdbqt,0.0,2H89
Ligand_0249.pdbqt,0.0,2H89
Ligand_0234.pdbqt,0.0,2H89
Ligand_0235.pdbqt,0.0,2H89
Ligand_0236.pdbqt,0.0,2H89
Ligand_0237.pdbqt,0.0,2H89
Ligand_0238.pdbqt,0.0,2H89
Ligand_0239.pdbqt,0.0,2H89
Ligand_0240.pdbqt,0.0,2H89
Ligand_0241.pdbqt,0.0,2H89
Ligand_0226.pdbqt,0.0,2H89
Ligand_0227.pdbqt,0.0,2H89
Ligand_0228.pdbqt,0.0,2H89
Ligand_0229.pdbqt,0.0,2H89
Ligand_0230.pdbqt,0.0,2H89
Ligand_0231.pdbqt,0.0,2H89
Ligand_0232.pdbqt,0.0,2H89
Ligand_0233.pdbqt,0.0,2H89
Ligand_0218.pdbqt,0.0,2H89
Ligand_0219.pdbqt,0.0,2H89
Ligand_0220.pdbqt,0.0,2H89
Ligand_0221.pdbqt,0.0,2H89
Ligand_0222.pdbqt,0.0,2H89
Ligand_0223.pdbqt,0.0,2H89
Ligand_0224.pdbqt,0.0,2H89
Ligand_0225.pdbqt,0.0,2H89
Ligand_0210.pdbqt,0.0,2H89
Ligand_0211.pdbqt,0.0,2H89
Ligand_0212.pdbqt,0.0,2H89
Ligand_0213.pdbqt,0.0,2H89
Ligand_0214.pdbqt,0.0,2H89
Ligand_0215.pdbqt,0.0,2H89
Ligand_0216.pdbqt,0.0,2H89
Ligand_0217.pdbqt,0.0,2H89
Ligand_0202.pdbqt,0.0,2H89
Ligand_0203.pdbqt,0.0,2H89
Ligand_0204.pdbqt,0.0,2H89
Ligand_0205.pdbqt,0.0,2H89
Ligand_0206.pdbqt,0.0,2H89
Ligand_0207.pdbqt,0.0,2H89
Ligand_0208.pdbqt,0.0,2H89
Ligand_0209.pdbqt,0.0,2H89
Ligand_0194.pdbqt,0.0,2H89
Ligand_0195.pdbqt,0.0,2H89
Ligand_0196.pdbqt,0.0,2H89
Ligand_0197.pdbqt,0.0,2H89
Ligand_0198.pdbqt,0.0,2H89
Ligand_0199.pdbqt,0.0,2H89
Ligand_0200.pdbqt,0.0,2H89
Ligand_0201.pdbqt,0.0,2H89
Ligand_0186.pdbqt,0.0,2H89
Ligand_0187.pdbqt,0.0,2H89
Ligand_0188.pdbqt,0.0,2H89
Ligand_0189.pdbqt,0.0,2H89
Ligand_0190.pdbqt,0.0,2H89
Ligand_0191.pdbqt,0.0,2H89
Ligand_0192.pdbqt,0.0,2H89
Ligand_0193.pdbqt,0.0,2H89
Ligand_0178.pdbqt,0.0,2H89
Ligand_0179.pdbqt,0.0,2H89
Ligand_0180.pdbqt,0.0,2H89
Ligand_0181.pdbqt,0.0,2H89
Ligand_0182.pdbqt,0.0,2H89
Ligand_0183.pdbqt,0.0,2H89
Ligand_0184.pdbqt,0.0,2H89
Ligand_0185.pdbqt,0.0,2H89
Ligand_0170.pdbqt,0.0,2H89
Ligand_0171.pdbqt,0.0,2H89
Ligand_0172.pdbqt,0.0,2H89
Ligand_0173.pdbqt,0.0,2H89
Ligand_0174.pdbqt,0.0,2H89
Ligand_0175.pdbqt,0.0,2H89
Ligand_0176.pdbqt,0.0,2H89
Ligand_0177.pdbqt,0.0,2H89
Ligand_0162.pdbqt,0.0,2H89
Ligand_0163.pdbqt,0.0,2H89
Ligand_0164.pdbqt,0.0,2H89
Ligand_0165.pdbqt,0.0,2H89
Ligand_0166.pdbqt,0.0,2H89
Ligand_0167.pdbqt,0.0,2H89
Ligand_0168.pdbqt,0.0,2H89
Ligand_0169.pdbqt,0.0,2H89
Ligand_0154.pdbqt,0.0,2H89
Ligand_0155.pdbqt,0.0,2H89
Ligand_0156.pdbqt,0.0,2H89
Ligand_0157.pdbqt,0.0,2H89
Ligand_0158.pdbqt,0.0,2H89
Ligand_0159.pdbqt,0.0,2H89
Ligand_0160.pdbqt,0.0,2H89
Ligand_0161.pdbqt,0.0,2H89
Ligand_0146.pdbqt,0.0,2H89
Ligand_0147.pdbqt,0.0,2H89
Ligand_0148.pdbqt,0.0,2H89
Ligand_0149.pdbqt,0.0,2H89
Ligand_0150.pdbqt,0.0,2H89
Ligand_0151.pdbqt,0.0,2H89
Ligand_0152.pdbqt,0.0,2H89
Ligand_0153.pdbqt,0.0,2H89
Ligand_0138.pdbqt,0.0,2H89
Ligand_0139.pdbqt,0.0,2H89
Ligand_0140.pdbqt,0.0,2H89
Ligand_0141.pdbqt,0.0,2H89
Ligand_0142.pdbqt,0.0,2H89
Ligand_0143.pdbqt,0.0,2H89
Ligand_0144.pdbqt,0.0,2H89
Ligand_0145.pdbqt,0.0,2H89
Ligand_0130.pdbqt,0.0,2H89
Ligand_0131.pdbqt,0.0,2H89
Ligand_0132.pdbqt,0.0,2H89
Ligand_0133.pdbqt,0.0,2H89
Ligand_0134.pdbqt,0.0,2H89
Ligand_0135.pdbqt,0.0,2H89
Ligand_0136.pdbqt,0.0,2H89
Ligand_0137.pdbqt,0.0,2H89
Ligand_0122.pdbqt,0.0,2H89
Ligand_0123.pdbqt,0.0,2H89
Ligand_0124.pdbqt,0.0,2H89
Ligand_0125.pdbqt,0.0,2H89
Ligand_0126.pdbqt,0.0,2H89
Ligand_0127.pdbqt,0.0,2H89
Ligand_0128.pdbqt,0.0,2H89
Ligand_0129.pdbqt,0.0,2H89
Ligand_0114.pdbqt,0.0,2H89
Ligand_0115.pdbqt,0.0,2H89
Ligand_0116.pdbqt,0.0,2H89
Ligand_0117.pdbqt,0.0,2H89
Ligand_0118.pdbqt,0.0,2H89
Ligand_0119.pdbqt,0.0,2H89
Ligand_0120.pdbqt,0.0,2H89
Ligand_0121.pdbqt,0.0,2H89
Ligand_0106.pdbqt,0.0,2H89
Ligand_0107.pdbqt,0.0,2H89
Ligand_0108.pdbqt,0.0,2H89
Ligand_0109.pdbqt,0.0,2H89
Ligand_0110.pdbqt,0.0,2H89
Ligand_0111.pdbqt,0.0,2H89
Ligand_0112.pdbqt,0.0,2H89
Ligand_0113.pdbqt,0.0,2H89
Ligand_0097.pdbqt,0.0,2H89
Ligand_0098.pdbqt,0.0,2H89
Ligand_0099.pdbqt,0.0,2H89
Ligand_0100.pdbqt,0.0,2H89
Ligand_0101.pdbqt,0.0,2H89
Ligand_0102.pdbqt,0.0,2H89
Ligand_0103.pdbqt,0.0,2H89
Ligand_0105.pdbqt,0.0,2H89
Ligand_0089.pdbqt,0.0,2H89
Ligand_0090.pdbqt,0.0,2H89
Ligand_0091.pdbqt,0.0,2H89
Ligand_0092.pdbqt,0.0,2H89
Ligand_0093.pdbqt,0.0,2H89
Ligand_0094.pdbqt,0.0,2H89
Ligand_0095.pdbqt,0.0,2H89
Ligand_0096.pdbqt,0.0,2H89
Ligand_0081.pdbqt,0.0,2H89
Ligand_0082.pdbqt,0.0,2H89
Ligand_0083.pdbqt,0.0,2H89
Ligand_0084.pdbqt,0.0,2H89
Ligand_0085.pdbqt,0.0,2H89
Ligand_0086.pdbqt,0.0,2H89
Ligand_0087.pdbqt,0.0,2H89
Ligand_0088.pdbqt,0.0,2H89
Ligand_0073.pdbqt,0.0,2H89
Ligand_0074.pdbqt,0.0,2H89
Ligand_0075.pdbqt,0.0,2H89
Ligand_0076.pdbqt,0.0,2H89
Ligand_0077.pdbqt,0.0,2H89
Ligand_0078.pdbqt,0.0,2H89
Ligand_0079.pdbqt,0.0,2H89
Ligand_0080.pdbqt,0.0,2H89
Ligand_0065.pdbqt,0.0,2H89
Ligand_0066.pdbqt,0.0,2H89
Ligand_0067.pdbqt,0.0,2H89
Ligand_0068.pdbqt,0.0,2H89
Ligand_0069.pdbqt,0.0,2H89
Ligand_0070.pdbqt,0.0,2H89
Ligand_0071.pdbqt,0.0,2H89
Ligand_0072.pdbqt,0.0,2H89
Ligand_0057.pdbqt,0.0,2H89
Ligand_0058.pdbqt,0.0,2H89
Ligand_0059.pdbqt,0.0,2H89
Ligand_0060.pdbqt,0.0,2H89
Ligand_0061.pdbqt,0.0,2H89
Ligand_0062.pdbqt,0.0,2H89
Ligand_0063.pdbqt,0.0,2H89
Ligand_0064.pdbqt,0.0,2H89
Ligand_0049.pdbqt,0.0,2H89
Ligand_0050.pdbqt,0.0,2H89
Ligand_0051.pdbqt,0.0,2H89
Ligand_0052.pdbqt,0.0,2H89
Ligand_0053.pdbqt,0.0,2H89
Ligand_0054.pdbqt,0.0,2H89
Ligand_0055.pdbqt,0.0,2H89
Ligand_0056.pdbqt,0.0,2H89
Ligand_0041.pdbqt,0.0,2H89
Ligand_0042.pdbqt,0.0,2H89
Ligand_0043.pdbqt,0.0,2H89
Ligand_0044.pdbqt,0.0,2H89
Ligand_0045.pdbqt,0.0,2H89
Ligand_0046.pdbqt,0.0,2H89
Ligand_0047.pdbqt,0.0,2H89
Ligand_0048.pdbqt,0.0,2H89
Ligand_0033.pdbqt,0.0,2H89
Ligand_0034.pdbqt,0.0,2H89
Ligand_0035.pdbqt,0.0,2H89
Ligand_0036.pdbqt,0.0,2H89
Ligand_0037.pdbqt,0.0,2H89
Ligand_0038.pdbqt,0.0,2H89
Ligand_0039.pdbqt,0.0,2H89
Ligand_0040.pdbqt,0.0,2H89
Ligand_0025.pdbqt,0.0,2H89
Ligand_0026.pdbqt,0.0,2H89
Ligand_0027.pdbqt,0.0,2H89
Ligand_0028.pdbqt,0.0,2H89
Ligand_0029.pdbqt,0.0,2H89
Ligand_0030.pdbqt,0.0,2H89
Ligand_0031.pdbqt,0.0,2H89
Ligand_0032.pdbqt,0.0,2H89
Ligand_0017.pdbqt,0.0,2H89
Ligand_0018.pdbqt,0.0,2H89
Ligand_0019.pdbqt,0.0,2H89
Ligand_0020.pdbqt,0.0,2H89
Ligand_0021.pdbqt,0.0,2H89
Ligand_0022.pdbqt,0.0,2H89
Ligand_0023.pdbqt,0.0,2H89
Ligand_0024.pdbqt,0.0,2H89
Ligand_0009.pdbqt,0.0,2H89
Ligand_0010.pdbqt,0.0,2H89
Ligand_0011.pdbqt,0.0,2H89
Ligand_0012.pdbqt,0.0,2H89
Ligand_0013.pdbqt,0.0,2H89
Ligand_0014.pdbqt,0.0,2H89
Ligand_0015.pdbqt,0.0,2H89
Ligand_0016.pdbqt,0.0,2H89
Ligand_0001.pdbqt,0.0,2H89
Ligand_0002.pdbqt,0.0,2H89
Ligand_0003.pdbqt,0.0,2H89
Ligand_0004.pdbqt,0.0,2H89
Ligand_0005.pdbqt,0.0,2H89
Ligand_0006.pdbqt,0.0,2H89
Ligand_0007.pdbqt,0.0,2H89
Ligand_0008.pdbqt,0.0,2H89
